Unnamed: 0,BRCA1P1
TCGA-3C-AAAU-01A,1.81797149400214
TCGA-4H-AAAK-01A,0.488507198274417
TCGA-5L-AAT0-01A,-0.0930121220037376
TCGA-5L-AAT1-01A,-0.727022092026396
TCGA-A1-A0SB-01A,0.959003025660021
TCGA-A1-A0SD-01A,-0.867484260863688
TCGA-A1-A0SE-01A,-0.170277027181378
TCGA-A1-A0SF-01A,-0.728277857867004
TCGA-A1-A0SG-01A,-0.826992874284801
TCGA-A1-A0SH-01A,-0.697992615641077
TCGA-A1-A0SI-01A,-1.54597904983165
TCGA-A1-A0SN-01A,-1.20322464658619
TCGA-A2-A04N-01A,0.788984820456387
TCGA-A2-A04Q-01A,-0.818943280058982
TCGA-A2-A04V-01A,-0.131578687026096
TCGA-A2-A04X-01A,-0.191156854787433
TCGA-A2-A04Y-01A,-0.226436377798191
TCGA-A2-A0CK-01A,-0.766465591196177
TCGA-A2-A0CO-01A,0.419238550258053
TCGA-A2-A0CP-01A,-1.54597904983165
TCGA-A2-A0CS-01A,-0.684070260156169
TCGA-A2-A0CU-01A,1.42268425622396
TCGA-A2-A0CW-01A,-0.926312842137286
TCGA-A2-A0CX-01A,-0.82593526726838
TCGA-A2-A0CZ-01A,-0.769286700140504
TCGA-A2-A0D2-01A,-1.54597904983165
TCGA-A2-A0D3-01A,0.354258941424243
TCGA-A2-A0EM-01A,-0.330504188637004
TCGA-A2-A0EN-01A,0.600758387954635
TCGA-A2-A0EO-01A,-0.629606482202553
TCGA-A2-A0EP-01A,-0.661977860418924
TCGA-A2-A0ER-01A,-0.752040241772321
TCGA-A2-A0ES-01A,0.320853618163887
TCGA-A2-A0EU-01A,0.905577914796305
TCGA-A2-A0EV-01A,-1.54597904983165
TCGA-A2-A0EW-01A,0.103563279891926
TCGA-A2-A0EY-01A,-0.10614536202323
TCGA-A2-A0ST-01A,-0.416241900735989
TCGA-A2-A0SU-01A,-0.732175953718958
TCGA-A2-A0SV-01A,-0.0404799774460897
TCGA-A2-A0SW-01A,-0.701334175186145
TCGA-A2-A0SX-01A,0.471893664361889
TCGA-A2-A0SY-01A,-1.54597904983165
TCGA-A2-A0T0-01A,-1.1974435874802
TCGA-A2-A0T3-01A,0.172319247416662
TCGA-A2-A0T4-01A,-1.54597904983165
TCGA-A2-A0T5-01A,0.0775556007352575
TCGA-A2-A0T6-01A,0.348456553541947
TCGA-A2-A0T7-01A,-0.696632903180124
TCGA-A2-A0YC-01A,0.891296811592884
TCGA-A2-A0YD-01A,-1.18800651077342
TCGA-A2-A0YE-01A,-0.18319388738412
TCGA-A2-A0YG-01A,-1.54597904983165
TCGA-A2-A0YH-01A,0.0894955411140386
TCGA-A2-A0YK-01A,0.620040028765132
TCGA-A2-A0YL-01A,0.353328873139601
TCGA-A2-A0YT-01A,-1.54597904983165
TCGA-A2-A1FX-01A,1.14950518646243
TCGA-A2-A1FZ-01A,-0.407929898932631
TCGA-A2-A1G0-01A,2.32008510150848
TCGA-A2-A1G1-01A,0.158747559287186
TCGA-A2-A1G4-01A,1.03592895344426
TCGA-A2-A1G6-01A,-0.0920194594741116
TCGA-A2-A25A-01A,0.148425928063422
TCGA-A2-A25D-01A,-0.618896489576055
TCGA-A2-A25F-01A,-0.274737634651724
TCGA-A2-A3KD-01A,0.497026071372013
TCGA-A2-A4RW-01A,1.54829864408605
TCGA-A2-A4RY-01A,0.574404763783195
TCGA-A2-A4S0-01A,2.14696742891239
TCGA-A2-A4S2-01A,0.0985859135138607
TCGA-A7-A0CD-01A,0.786073129866034
TCGA-A7-A0CE-01A,-0.877232711051273
TCGA-A7-A0CE-11A,1.08526076615552
TCGA-A7-A0CG-01A,-0.27503530413801
TCGA-A7-A0CH-01A,0.141007836177099
TCGA-A7-A0CH-11A,0.032171854644786
TCGA-A7-A0CJ-01A,-0.765184636394771
TCGA-A7-A0D9-01A,0.351252482331407
TCGA-A7-A0D9-11A,-0.239834941853089
TCGA-A7-A0DB-11A,-0.134527979056709
TCGA-A7-A0DC-11A,0.939478538720912
TCGA-A7-A13E-01A,0.388218337494942
TCGA-A7-A13E-11A,-1.0877518121292
TCGA-A7-A13F-01A,0.356403536875817
TCGA-A7-A13F-11A,0.252927928300856
TCGA-A7-A13G-11A,0.328697863926893
TCGA-A7-A13H-01A,0.673421713964383
TCGA-A7-A26H-01A,0.80353409990492
TCGA-A7-A3IY-01A,-0.566570162866305
TCGA-A7-A3IZ-01A,2.15763356222728
TCGA-A7-A3J0-01A,0.894593573199383
TCGA-A7-A3J1-01A,1.03311732333826
TCGA-A7-A3RF-01A,-0.0510488051925931
TCGA-A7-A425-01A,0.335571530441337
TCGA-A7-A426-01A,-1.21694375766539
TCGA-A7-A4SA-01A,0.632581563636499
TCGA-A7-A4SB-01A,0.846366529329544
TCGA-A7-A4SC-01A,1.68369211771089
TCGA-A7-A5ZX-01A,-0.41549448203878
TCGA-AC-A23C-01A,0.158668373281125
TCGA-AC-A23E-01A,-1.24665227430828
TCGA-AC-A23G-01A,-1.54597904983165
TCGA-AC-A23H-01A,-0.956628551698705
TCGA-AC-A23H-11A,0.229640193883672
TCGA-AC-A2B8-01A,-0.26237553673588
TCGA-AC-A2FB-01A,-0.0508721810351723
TCGA-AC-A2FB-11A,-0.523406185334912
TCGA-AC-A2FE-01A,0.46400569642088
TCGA-AC-A2FG-01A,-0.758920267544299
TCGA-AC-A2FO-01A,0.0093712957025152
TCGA-AC-A2QI-01A,-1.1621728602171
TCGA-AC-A3EH-01A,-0.585719792408402
TCGA-AC-A3HN-01A,-0.198866798868886
TCGA-AC-A3QP-01A,-0.291378443464711
TCGA-AC-A3W6-01A,-0.468418814069282
TCGA-AC-A3W7-01A,-0.670004270060118
TCGA-AC-A3YI-01A,0.776220662574694
TCGA-AC-A3YJ-01A,-1.03443067820373
TCGA-AC-A4ZE-01A,1.57539330364015
TCGA-AC-A5XS-01A,0.231775887913459
TCGA-AC-A62Y-01A,-1.54597904983165
TCGA-AC-A6IV-01A,0.239763673184983
TCGA-AC-A6IX-01A,-0.791616360130623
TCGA-AC-A6IX-06A,0.493569831277614
TCGA-AC-A8OR-01A,1.00048447808806
TCGA-AC-A8OS-01A,0.447314402938135
TCGA-AN-A03X-01A,-1.54597904983165
TCGA-AN-A03Y-01A,-0.390148277814427
TCGA-AN-A041-01A,1.25777177345158
TCGA-AN-A046-01A,-0.0325038476253188
TCGA-AN-A049-01A,-1.09549131146489
TCGA-AN-A04A-01A,-0.933008468195105
TCGA-AN-A0AJ-01A,-0.712639443777124
TCGA-AN-A0AK-01A,-1.06831340786891
TCGA-AN-A0AS-01A,-0.478320281896275
TCGA-AN-A0AT-01A,-0.730037309435022
TCGA-AN-A0FD-01A,-1.54597904983165
TCGA-AN-A0FF-01A,0.661754299060329
TCGA-AN-A0FK-01A,-0.549439877844472
TCGA-AN-A0FN-01A,-1.21775382160922
TCGA-AN-A0FS-01A,-0.417737610563232
TCGA-AN-A0FV-01A,-1.54597904983165
TCGA-AN-A0FW-01A,-0.716131407347472
TCGA-AN-A0FX-01A,-0.241101952123329
TCGA-AN-A0FY-01A,0.232842845749668
TCGA-AN-A0FZ-01A,0.222376354739133
TCGA-AN-A0G0-01A,-0.95196592871884
TCGA-AN-A0XL-01A,0.783385896332073
TCGA-AN-A0XN-01A,-1.54597904983165
TCGA-AN-A0XO-01A,-1.54597904983165
TCGA-AN-A0XP-01A,-0.869105573144124
TCGA-AN-A0XR-01A,-1.06891320526947
TCGA-AN-A0XS-01A,-0.854026243949313
TCGA-AN-A0XU-01A,0.0664551176227035
TCGA-AN-A0XV-01A,0.0629626253328876
TCGA-AO-A03M-01B,-1.24582994244382
TCGA-AO-A03R-01A,-0.174792770927439
TCGA-AO-A03U-01B,-0.581176269128676
TCGA-AO-A03V-01A,-1.1224420695278
TCGA-AO-A0J3-01A,0.73066076348757
TCGA-AO-A0J5-01A,-0.439449121985834
TCGA-AO-A0J7-01A,0.0875243899887967
TCGA-AO-A0J8-01A,-0.60647645474054
TCGA-AO-A0J9-01A,-0.109328943710848
TCGA-AO-A0JD-01A,-1.54597904983165
TCGA-AO-A0JF-01A,-1.54597904983165
TCGA-AO-A0JG-01A,-0.42953028990584
TCGA-AO-A0JI-01A,1.08599412265743
TCGA-AO-A0JJ-01A,-0.0638085856638986
TCGA-AO-A124-01A,-0.16015522534303
TCGA-AO-A128-01A,-0.731798372960726
TCGA-AO-A129-01A,-1.1357499040809
TCGA-AO-A12A-01A,0.274371743989273
TCGA-AO-A12C-01A,-0.0471668177819463
TCGA-AO-A12D-01A,0.468526697826027
TCGA-AO-A12E-01A,-0.342183107485154
TCGA-AO-A12F-01A,0.154069994481689
TCGA-AO-A1KO-01A,0.657421786631925
TCGA-AO-A1KT-01A,-0.292179235312507
TCGA-AQ-A04H-01B,-0.279207524358049
TCGA-AQ-A04J-01A,-0.105509277921321
TCGA-AQ-A0Y5-01A,-0.643378889704367
TCGA-AQ-A1H2-01A,-0.202398940909307
TCGA-AQ-A1H3-01A,-0.313623938546536
TCGA-AQ-A7U7-01A,2.01512718309692
TCGA-AR-A0TQ-01A,-0.764928547838057
TCGA-AR-A0TS-01A,0.661083703669935
TCGA-AR-A0TW-01A,-1.54597904983165
TCGA-AR-A0TY-01A,-0.460534199204172
TCGA-AR-A0U0-01A,-0.431036379632204
TCGA-AR-A0U3-01A,-0.119094436087392
TCGA-AR-A0U4-01A,-1.1577699116536
TCGA-AR-A1AI-01A,-0.0978926417409489
TCGA-AR-A1AK-01A,1.74155371863378
TCGA-AR-A1AL-01A,1.51597635612461
TCGA-AR-A1AM-01A,-0.509903578476646
TCGA-AR-A1AN-01A,-1.54597904983165
TCGA-AR-A1AO-01A,-0.256469851193712
TCGA-AR-A1AP-01A,-0.0777279385922744
TCGA-AR-A1AQ-01A,-0.220832853482912
TCGA-AR-A1AR-01A,-0.266125210755858
TCGA-AR-A1AT-01A,-0.624958157044741
TCGA-AR-A1AU-01A,-0.307256184893849
TCGA-AR-A1AW-01A,1.82786611455999
TCGA-AR-A1AX-01A,-0.276822289736671
TCGA-AR-A1AY-01A,-0.520021631043673
TCGA-AR-A24K-01A,0.150335636250988
TCGA-AR-A24L-01A,0.859884752894425
TCGA-AR-A24M-01A,-0.272457032068618
TCGA-AR-A24N-01A,0.855095282364597
TCGA-AR-A24O-01A,1.35805901943622
TCGA-AR-A24P-01A,1.51488170876937
TCGA-AR-A24Q-01A,-0.518444209510017
TCGA-AR-A24R-01A,0.0236957817172667
TCGA-AR-A24S-01A,0.415570161146024
TCGA-AR-A24T-01A,1.12446700444863
TCGA-AR-A24U-01A,-0.400394968650703
TCGA-AR-A24V-01A,1.11322266048236
TCGA-AR-A24W-01A,0.729425434851693
TCGA-AR-A24X-01A,-0.231765196892454
TCGA-AR-A24Z-01A,1.07412834586759
TCGA-AR-A250-01A,0.184468000739913
TCGA-AR-A252-01A,0.210465580492148
TCGA-AR-A254-01A,0.434391422007633
TCGA-AR-A255-01A,1.28537744839569
TCGA-AR-A256-01A,0.083905354646336
TCGA-AR-A2LE-01A,1.05221550033792
TCGA-AR-A2LH-01A,-0.972395444321123
TCGA-AR-A2LL-01A,1.50531616097125
TCGA-AR-A2LM-01A,0.712640646122853
TCGA-AR-A2LN-01A,0.819097649910226
TCGA-AR-A2LO-01A,0.124070623112736
TCGA-AR-A2LQ-01A,-1.10219365845425
TCGA-AR-A2LR-01A,0.619354718898622
TCGA-AR-A5QM-01A,0.741099882545131
TCGA-AR-A5QN-01A,-0.623173328505982
TCGA-AR-A5QP-01A,0.676569489329302
TCGA-B6-A0I8-01A,1.55512734551567
TCGA-B6-A0I9-01A,-1.54597904983165
TCGA-B6-A0IB-01A,-0.874655397699964
TCGA-B6-A0IC-01A,0.978020980313647
TCGA-B6-A0IG-01A,0.182826530425619
TCGA-B6-A0IH-01A,1.24197179079415
TCGA-B6-A0IO-01A,0.877726108365615
TCGA-B6-A0IP-01A,0.170588668830101
TCGA-B6-A0IQ-01A,-1.23386378847278
TCGA-B6-A0RI-01A,-0.905675838431865
TCGA-B6-A0RO-01A,-0.914374531173913
TCGA-B6-A0RP-01A,0.329205184315434
TCGA-B6-A0RQ-01A,-0.642537742882144
TCGA-B6-A0RS-01A,-1.2166198276505
TCGA-B6-A0RT-01A,-0.132407718132019
TCGA-B6-A0RU-01A,-1.14665029373174
TCGA-B6-A0RV-01A,-1.08623791057512
TCGA-B6-A0WT-01A,-0.401242499838972
TCGA-B6-A0WV-01A,0.836763415899209
TCGA-B6-A0WY-01A,-0.600825343070292
TCGA-B6-A0X0-01A,-0.414640644954734
TCGA-B6-A0X1-01A,0.886096986860582
TCGA-B6-A0X4-01A,0.780179173727786
TCGA-B6-A0X7-01A,0.630352422345581
TCGA-B6-A1KI-01A,-0.0239510222102798
TCGA-B6-A1KN-01A,0.53098995878785
TCGA-B6-A2IU-01A,-0.249211072814404
TCGA-B6-A40B-01A,0.393341495436719
TCGA-B6-A40C-01A,0.280401773798853
TCGA-BH-A0AU-01A,0.645164766278157
TCGA-BH-A0AW-01A,-1.54597904983165
TCGA-BH-A0AY-01A,-1.54597904983165
TCGA-BH-A0AY-11A,0.293070053146593
TCGA-BH-A0AZ-01A,-0.436101186098917
TCGA-BH-A0B1-01A,-0.587820430870719
TCGA-BH-A0B3-01A,-0.814339834385832
TCGA-BH-A0B3-11B,1.36322850685384
TCGA-BH-A0B5-01A,0.427862784964638
TCGA-BH-A0B6-01A,-1.54597904983165
TCGA-BH-A0B7-01A,-0.127622688297305
TCGA-BH-A0B8-01A,0.141167666610306
TCGA-BH-A0B8-11A,-0.289977859981598
TCGA-BH-A0B9-01A,-0.706667939797501
TCGA-BH-A0BA-01A,1.44742775249701
TCGA-BH-A0BA-11A,-0.0354800686275305
TCGA-BH-A0BC-01A,-1.54597904983165
TCGA-BH-A0BC-11A,0.0754067821135001
TCGA-BH-A0BD-01A,-0.433513234575242
TCGA-BH-A0BF-01A,-0.067813450027792
TCGA-BH-A0BG-01A,-0.693052810278428
TCGA-BH-A0BJ-01A,-1.54597904983165
TCGA-BH-A0BJ-11A,0.892432400636952
TCGA-BH-A0BL-01A,0.482829202109939
TCGA-BH-A0BM-01A,-0.508558519908366
TCGA-BH-A0BM-11A,0.876091166782102
TCGA-BH-A0BO-01A,-0.393839241759354
TCGA-BH-A0BP-01A,0.0109966908180881
TCGA-BH-A0BQ-01A,-0.354036810542845
TCGA-BH-A0BQ-11A,0.848690701352735
TCGA-BH-A0BR-01A,-0.461846057780158
TCGA-BH-A0BS-01A,-1.54597904983165
TCGA-BH-A0BS-11A,0.41453066547192
TCGA-BH-A0BT-01A,0.498021909913214
TCGA-BH-A0BT-11A,1.04093951516326
TCGA-BH-A0BV-01A,0.0002779920654501
TCGA-BH-A0BV-11A,1.61165452618707
TCGA-BH-A0BZ-01A,-1.54597904983165
TCGA-BH-A0BZ-11A,-0.36180705600072
TCGA-BH-A0C0-01A,-0.651689949966318
TCGA-BH-A0C0-11A,1.19271408613517
TCGA-BH-A0C1-01B,-0.162119183709853
TCGA-BH-A0C3-01A,-0.178941542820042
TCGA-BH-A0C3-11A,1.74113660455536
TCGA-BH-A0C7-01B,1.12623894916564
TCGA-BH-A0DE-01A,1.67136716654292
TCGA-BH-A0DH-01A,-1.13032280213066
TCGA-BH-A0DH-11A,0.279286527841183
TCGA-BH-A0DI-01A,0.141966619489281
TCGA-BH-A0DK-01A,-1.10555361604619
TCGA-BH-A0DK-11A,0.0235258784419668
TCGA-BH-A0DL-01A,-0.947173814202006
TCGA-BH-A0DL-11A,0.633385896444569
TCGA-BH-A0DO-01B,0.116314916900323
TCGA-BH-A0DO-11A,0.786130264251696
TCGA-BH-A0DP-01A,-0.418699753256476
TCGA-BH-A0DP-11A,0.044648247194844
TCGA-BH-A0DQ-01A,-1.12413910465086
TCGA-BH-A0DQ-11A,1.14263552354497
TCGA-BH-A0DS-01A,-0.372842848357284
TCGA-BH-A0DT-01A,-0.471054222473678
TCGA-BH-A0DT-11A,0.780121862178598
TCGA-BH-A0DV-01A,0.102340531793706
TCGA-BH-A0DV-11A,0.861918042848945
TCGA-BH-A0DX-01A,-0.850810292213279
TCGA-BH-A0DZ-11A,-0.703441104180449
TCGA-BH-A0E0-11A,-1.54597904983165
TCGA-BH-A0E1-01A,-0.478871861774333
TCGA-BH-A0E1-11A,0.18712265098235
TCGA-BH-A0E7-01A,0.610360781858593
TCGA-BH-A0E9-01B,1.33114059154416
TCGA-BH-A0EA-01A,-1.0238537733605
TCGA-BH-A0EB-01A,-0.215438010097233
TCGA-BH-A0EI-01A,1.07766632045088
TCGA-BH-A0GY-01A,-0.0987978031363968
TCGA-BH-A0GZ-01A,-1.54597904983165
TCGA-BH-A0H3-01A,1.30876526399738
TCGA-BH-A0H5-01A,-0.217844551593752
TCGA-BH-A0H5-11A,1.72528892694932
TCGA-BH-A0H6-01A,0.759493730997358
TCGA-BH-A0H7-01A,-1.22913070856817
TCGA-BH-A0H7-11A,-0.5149559473603
TCGA-BH-A0H9-01A,-1.54597904983165
TCGA-BH-A0HA-01A,-1.10310942822091
TCGA-BH-A0HF-01A,-0.719129576337224
TCGA-BH-A0HI-01A,-0.55310601452163
TCGA-BH-A0HK-01A,-0.100065745599162
TCGA-BH-A0HK-11A,-1.54597904983165
TCGA-BH-A0HL-01A,0.630538282887893
TCGA-BH-A0HO-01A,-0.778032760586521
TCGA-BH-A0HP-01A,-1.19952918707971
TCGA-BH-A0HQ-01A,-0.704433399848793
TCGA-BH-A0HU-01A,-0.361910871760722
TCGA-BH-A0HX-01A,0.359473290374641
TCGA-BH-A0HY-01A,-0.870322455422634
TCGA-BH-A0W3-01A,0.509140195972211
TCGA-BH-A0W4-01A,0.164756170830293
TCGA-BH-A0W5-01A,0.712343822406046
TCGA-BH-A0W7-01A,-1.54597904983165
TCGA-BH-A0WA-01A,-0.586186402607041
TCGA-BH-A18F-01A,-0.415280987208345
TCGA-BH-A18H-01A,-0.592496751639231
TCGA-BH-A18I-01A,0.994239572566702
TCGA-BH-A18J-01A,-0.866944127188521
TCGA-BH-A18J-11A,-0.33879506424043
TCGA-BH-A18K-01A,-0.349492842866724
TCGA-BH-A18K-11A,1.80315121560647
TCGA-BH-A18L-01A,1.7443668736626
TCGA-BH-A18L-11A,1.16603356323683
TCGA-BH-A18M-01A,-0.534731267902566
TCGA-BH-A18M-11A,1.38920345134958
TCGA-BH-A18N-01A,2.21754271511933
TCGA-BH-A18N-11A,1.18609019378842
TCGA-BH-A18P-01A,-0.476005373241959
TCGA-BH-A18P-11A,-1.14618186416835
TCGA-BH-A18Q-01A,0.0925304443898502
TCGA-BH-A18R-01A,-0.70704061580032
TCGA-BH-A18R-11A,1.64658717234225
TCGA-BH-A18S-01A,-0.58490349701427
TCGA-BH-A18S-11A,0.646639742112031
TCGA-BH-A18T-01A,0.844427570316951
TCGA-BH-A18U-01A,0.896320763457487
TCGA-BH-A18U-11A,1.13345351106407
TCGA-BH-A18V-01A,0.344219070123993
TCGA-BH-A18V-06A,0.525436255513267
TCGA-BH-A18V-11A,-1.06412005835172
TCGA-BH-A1EN-01A,-1.21564836500995
TCGA-BH-A1EN-11A,-0.0751327278620718
TCGA-BH-A1EO-01A,-1.54597904983165
TCGA-BH-A1ES-01A,0.326739801506193
TCGA-BH-A1ES-06A,0.894539573488626
TCGA-BH-A1ET-01A,0.927837780978361
TCGA-BH-A1EV-01A,0.712403190816331
TCGA-BH-A1EV-11A,1.30802507684365
TCGA-BH-A1EW-01A,0.165071893855494
TCGA-BH-A1EX-01A,0.315679258156086
TCGA-BH-A1EY-01A,-1.0419580219419
TCGA-BH-A1F0-01A,0.339756032368753
TCGA-BH-A1F0-11B,0.341052820869245
TCGA-BH-A1F2-01A,-0.734569022427172
TCGA-BH-A1F2-11A,0.590728340028703
TCGA-BH-A1F6-01A,-1.02825374637246
TCGA-BH-A1F6-11B,1.02248640758581
TCGA-BH-A1F8-11B,0.160884349305036
TCGA-BH-A1FB-01A,0.455067416570815
TCGA-BH-A1FB-11A,0.511052932088717
TCGA-BH-A1FD-01A,-1.22668712922661
TCGA-BH-A1FD-11B,0.545031122069408
TCGA-BH-A1FE-01A,-0.212554131724944
TCGA-BH-A1FE-06A,-0.898251019614541
TCGA-BH-A1FG-01A,-0.398171975601723
TCGA-BH-A1FH-01A,0.573192441511902
TCGA-BH-A1FH-11B,0.0370709055378169
TCGA-BH-A1FJ-11B,0.386390348392283
TCGA-BH-A1FM-11B,0.926563604914125
TCGA-BH-A1FN-11A,-0.729660148499082
TCGA-BH-A1FR-01A,0.705921217166638
TCGA-BH-A1FR-11B,1.32773835118102
TCGA-BH-A1FU-01A,-1.0936674472934
TCGA-BH-A1FU-11A,2.51453331785616
TCGA-BH-A201-01A,0.077968559832782
TCGA-BH-A202-01A,0.693910598129159
TCGA-BH-A203-01A,-0.886076060743577
TCGA-BH-A203-11A,1.93576711776262
TCGA-BH-A204-11A,-0.119460464976217
TCGA-BH-A208-01A,-0.406229306548462
TCGA-BH-A208-11A,0.397472175452394
TCGA-BH-A28O-01A,0.139408800477322
TCGA-BH-A28Q-01A,0.716080455773142
TCGA-BH-A2L8-01A,-0.816705943736728
TCGA-BH-A6R9-01A,-1.17686974321358
TCGA-BH-A8FY-01A,0.797239141465705
TCGA-BH-A8FZ-01A,0.78584457533958
TCGA-BH-A8G0-01A,-0.0310174634185465
TCGA-BH-AB28-01A,0.829850621694779
TCGA-D8-A13Z-01A,-0.735955846200468
TCGA-D8-A141-01A,0.137808433468007
TCGA-D8-A142-01A,-0.265828917775872
TCGA-D8-A145-01A,0.0901521425564107
TCGA-D8-A146-01A,0.23162341700802
TCGA-D8-A1J9-01A,-0.841327816844495
TCGA-D8-A1JB-01A,1.93268591146671
TCGA-D8-A1JC-01A,0.0391787206314256
TCGA-D8-A1JD-01A,-0.636899555354169
TCGA-D8-A1JE-01A,0.0883459486215766
TCGA-D8-A1JF-01A,-0.555975056971717
TCGA-D8-A1JG-01B,-0.241784534498389
TCGA-D8-A1JH-01A,0.503655270603146
TCGA-D8-A1JI-01A,0.801551427522998
TCGA-D8-A1JJ-01A,-0.28867823131942
TCGA-D8-A1JL-01A,-0.269189582175446
TCGA-D8-A1JM-01A,-0.131762885263394
TCGA-D8-A1JN-01A,-0.242077144018759
TCGA-D8-A1JP-01A,-0.0298815916997699
TCGA-D8-A1JU-01A,0.092694356789016
TCGA-D8-A1X5-01A,-1.09640389292079
TCGA-D8-A1X6-01A,0.387234251689277
TCGA-D8-A1X7-01A,0.548072835515967
TCGA-D8-A1X8-01A,-0.368462594193246
TCGA-D8-A1X9-01A,1.70059524007683
TCGA-D8-A1XA-01A,0.748163907295859
TCGA-D8-A1XB-01A,0.371703514043031
TCGA-D8-A1XC-01A,1.37735232399317
TCGA-D8-A1XF-01A,1.10147580156102
TCGA-D8-A1XG-01A,0.795249962078665
TCGA-D8-A1XJ-01A,-1.23664378061717
TCGA-D8-A1XK-01A,-0.717380076160937
TCGA-D8-A1XM-01A,0.0927763077473904
TCGA-D8-A1XO-01A,-0.522051648403751
TCGA-D8-A1XQ-01A,-1.54597904983165
TCGA-D8-A1XR-01A,0.436379964784168
TCGA-D8-A1XT-01A,0.0735866728493015
TCGA-D8-A1XU-01A,0.396212908677507
TCGA-D8-A1XV-01A,0.516779746976103
TCGA-D8-A1XW-01A,1.42042644138628
TCGA-D8-A1XY-01A,1.33139874366701
TCGA-D8-A1XZ-01A,-0.308063620223696
TCGA-D8-A1Y1-01A,0.178364032133008
TCGA-D8-A1Y2-01A,-0.918391960506423
TCGA-D8-A27E-01A,0.707826449551927
TCGA-D8-A27F-01A,-0.752167426124361
TCGA-D8-A27G-01A,-0.454750842833005
TCGA-D8-A27H-01A,-0.2624741187142
TCGA-D8-A27I-01A,0.867676505162267
TCGA-D8-A27K-01A,0.32630440552022
TCGA-D8-A27L-01A,0.689049202765728
TCGA-D8-A27M-01A,1.01225355848401
TCGA-D8-A27N-01A,-1.54597904983165
TCGA-D8-A27P-01A,-0.464034480289953
TCGA-D8-A27R-01A,-0.746072049821285
TCGA-D8-A27T-01A,-0.425019088150285
TCGA-D8-A27V-01A,-0.908157164986224
TCGA-D8-A27W-01A,-0.307458011931398
TCGA-D8-A3Z5-01A,0.46292447961397
TCGA-D8-A3Z6-01A,0.865813748170801
TCGA-D8-A4Z1-01A,1.67453679759333
TCGA-D8-A73U-01A,1.03437302355136
TCGA-D8-A73W-01A,1.54383538731382
TCGA-D8-A73X-01A,1.42247910988241
TCGA-E2-A105-01A,1.43601276712876
TCGA-E2-A107-01A,0.265703068942523
TCGA-E2-A108-01A,-0.139515193597418
TCGA-E2-A109-01A,0.440214097468243
TCGA-E2-A10A-01A,0.0396000064296477
TCGA-E2-A10B-01A,-1.22375892853599
TCGA-E2-A10C-01A,0.147629656012327
TCGA-E2-A10E-01A,0.641903512961187
TCGA-E2-A10F-01A,-0.0867938813402712
TCGA-E2-A14Q-01A,-0.585603157554822
TCGA-E2-A14S-01A,0.38589790031643
TCGA-E2-A14T-01A,0.508942218043564
TCGA-E2-A14U-01A,-0.870592978356562
TCGA-E2-A14V-01A,0.307341883283201
TCGA-E2-A14Z-01A,-0.130013714263446
TCGA-E2-A150-01A,0.203979739467279
TCGA-E2-A152-01A,-1.13808050377294
TCGA-E2-A153-01A,-0.625077204559959
TCGA-E2-A153-11A,1.04323999499809
TCGA-E2-A154-01A,0.0370709055378169
TCGA-E2-A155-01A,0.108446508965464
TCGA-E2-A156-01A,0.249456480128042
TCGA-E2-A158-11A,-0.993332782239322
TCGA-E2-A159-01A,-0.539393907600875
TCGA-E2-A15A-01A,-0.403575139293681
TCGA-E2-A15A-06A,0.31830461805046
TCGA-E2-A15C-01A,-0.200679790806173
TCGA-E2-A15D-01A,0.716613668072472
TCGA-E2-A15E-01A,0.0506886873383691
TCGA-E2-A15F-01A,1.12403574377214
TCGA-E2-A15G-01A,1.65576724091024
TCGA-E2-A15H-01A,-0.76582500709192
TCGA-E2-A15I-11A,0.637279056359676
TCGA-E2-A15J-01A,-0.142661943008879
TCGA-E2-A15K-06A,1.45776848771767
TCGA-E2-A15M-01A,0.245978751258945
TCGA-E2-A15M-11A,-1.08593527329136
TCGA-E2-A15P-01A,1.70782449795438
TCGA-E2-A1AZ-01A,1.08833898504502
TCGA-E2-A1B1-01A,0.466975910566556
TCGA-E2-A1B4-01A,-0.972966041936846
TCGA-E2-A1B5-01A,-1.54597904983165
TCGA-E2-A1B6-01A,0.274073474036956
TCGA-E2-A1BD-01A,0.60151325291987
TCGA-E2-A1IE-01A,1.21665602935453
TCGA-E2-A1IF-01A,-1.1224420695278
TCGA-E2-A1IG-01A,0.952516873667048
TCGA-E2-A1IG-11A,0.437065192477098
TCGA-E2-A1IH-01A,-0.0766536332945868
TCGA-E2-A1II-01A,0.173891149784878
TCGA-E2-A1IJ-01A,-0.103330014761328
TCGA-E2-A1IK-01A,-1.54597904983165
TCGA-E2-A1IL-01A,0.465626382162155
TCGA-E2-A1IN-01A,0.135725962398863
TCGA-E2-A1IO-01A,0.106087830504542
TCGA-E2-A1IU-01A,-0.369817320830335
TCGA-E2-A1L6-01A,0.56974271350937
TCGA-E2-A1L7-01A,-0.616761633265455
TCGA-E2-A1L7-11A,0.918954080112919
TCGA-E2-A1L9-01A,-0.391412952921522
TCGA-E2-A1LE-01A,-1.12552870319604
TCGA-E2-A1LH-11A,0.0385044712435846
TCGA-E2-A1LI-01A,0.544318536072794
TCGA-E2-A1LS-11A,-1.23778965290378
TCGA-E2-A3DX-01A,-0.43028318726191
TCGA-E9-A1N3-01A,0.959525149988602
TCGA-E9-A1N5-01A,0.293365390122491
TCGA-E9-A1N5-11A,0.684657386912343
TCGA-E9-A1N6-01A,-0.698734682580104
TCGA-E9-A1N6-11A,1.04838110691616
TCGA-E9-A1N9-01A,-0.361910871760722
TCGA-E9-A1N9-11A,1.10050577696239
TCGA-E9-A1NA-01A,-1.21824002388925
TCGA-E9-A1NA-11A,0.114371090969179
TCGA-E9-A1ND-01A,-1.0484759713877
TCGA-E9-A1ND-11A,-0.725014571526583
TCGA-E9-A1NE-01A,1.06925297350615
TCGA-E9-A1NF-01A,-1.54597904983165
TCGA-E9-A1NF-11A,0.571212799077845
TCGA-E9-A1NG-01A,-0.53620844169028
TCGA-E9-A1NG-11A,-0.467321792749783
TCGA-E9-A1NH-01A,-0.129185714808966
TCGA-E9-A1QZ-01A,-0.247253937071481
TCGA-E9-A1R0-01A,-0.948722897237043
TCGA-E9-A1R2-01A,1.3713781788015
TCGA-E9-A1R3-01A,-0.159501018217378
TCGA-E9-A1R4-01A,1.04028888026061
TCGA-E9-A1R5-01A,2.01810923118706
TCGA-E9-A1R6-01A,0.931973029695183
TCGA-E9-A1R7-11A,0.503589091652739
TCGA-E9-A1RA-01A,0.780981356046458
TCGA-E9-A1RB-01A,-0.268497200202438
TCGA-E9-A1RB-11A,0.604152948258915
TCGA-E9-A1RC-01A,1.0801684516608
TCGA-E9-A1RC-11A,0.360329091540643
TCGA-E9-A1RD-01A,1.36563900229376
TCGA-E9-A1RD-11A,0.558455988484925
TCGA-E9-A1RE-01A,1.54306481175575
TCGA-E9-A1RF-01A,-0.084635721640672
TCGA-E9-A1RF-11A,0.590981311102813
TCGA-E9-A1RH-11A,0.710443064471018
TCGA-E9-A1RI-01A,1.65939800906284
TCGA-E9-A1RI-11A,0.8363738389062
TCGA-E9-A226-01A,1.64815671811778
TCGA-E9-A227-01A,0.0588800146440847
TCGA-E9-A228-01A,1.02364808708483
TCGA-E9-A229-01A,0.474381428181958
TCGA-E9-A22B-01A,-0.0626531765827531
TCGA-E9-A22D-01A,-1.26168051049103
TCGA-E9-A22E-01A,-1.22197166601406
TCGA-E9-A22H-01A,0.050102254640715
TCGA-E9-A243-01A,-0.182248108628643
TCGA-E9-A245-01A,-0.948582019908837
TCGA-E9-A247-01A,-0.476886914511183
TCGA-E9-A248-01A,0.166334267634052
TCGA-E9-A249-01A,0.357189289418109
TCGA-E9-A24A-01A,0.740514915801769
TCGA-E9-A295-01A,-1.04951495870514
TCGA-E9-A2JS-01A,0.181496693686628
TCGA-E9-A2JT-01A,1.97436388705277
TCGA-E9-A3Q9-01A,0.216622292177797
TCGA-E9-A54X-01A,-0.554138376553587
TCGA-E9-A5UO-01A,0.493835916646789
TCGA-EW-A1IW-01A,-0.16099667608896
TCGA-EW-A1IZ-01A,-1.05174325298133
TCGA-EW-A1J1-01A,-1.24287245723185
TCGA-EW-A1OV-01A,0.0556243811187562
TCGA-EW-A1OX-01A,-0.396585695944247
TCGA-EW-A1OY-01A,-0.0024756310450525
TCGA-EW-A1P0-01A,0.186654449615072
TCGA-EW-A1P1-01A,-1.03251664877438
TCGA-EW-A1P3-01A,-0.220350554972327
TCGA-EW-A1P4-01A,-1.15997012527408
TCGA-EW-A1P5-01A,-1.54597904983165
TCGA-EW-A1P6-01A,-0.558963410736737
TCGA-EW-A1P7-01A,-0.457913164942464
TCGA-EW-A1P8-01A,-0.818153334553131
TCGA-EW-A1PE-01A,0.406472859452543
TCGA-EW-A1PF-01A,-0.866674117256366
TCGA-EW-A1PG-01A,-0.202303392222629
TCGA-EW-A2FV-01A,-0.518782119452674
TCGA-EW-A2FW-01A,-0.0482247643502403
TCGA-EW-A3E8-01B,0.238624591253069
TCGA-EW-A424-01A,1.32898797451233
TCGA-GI-A2C8-01A,0.205680528489307
TCGA-GM-A2D9-01A,-1.54597904983165
TCGA-GM-A2DA-01A,-0.100337556403581
TCGA-GM-A2DH-01A,0.174598086692287
TCGA-GM-A2DI-01A,0.619105454720895
TCGA-GM-A2DK-01A,-0.176488913626314
TCGA-GM-A2DL-01A,-1.08396929151815
TCGA-GM-A2DM-01A,-0.520021631043673
TCGA-GM-A2DN-01A,0.207457018527498
TCGA-GM-A3NW-01A,-0.269585341020544
TCGA-GM-A3NY-01A,-0.0296195627496167
TCGA-GM-A3XG-01A,0.255790925214189
TCGA-GM-A3XN-01A,-0.158847033670645
TCGA-GM-A4E0-01A,0.626258937110679
TCGA-GM-A5PV-01A,-1.09686034617117
TCGA-GM-A5PX-01A,0.808171225442793
TCGA-LD-A74U-01A,-0.476666491289354
TCGA-LD-A7W6-01A,1.31020128473828
TCGA-LL-A440-01A,0.748105633184385
TCGA-LQ-A4E4-01A,2.24769296757537
TCGA-MS-A51U-01A,-0.229825734813021
TCGA-OL-A5DA-01A,-0.116899725245138
TCGA-OL-A66J-01A,-0.0769221533346756
TCGA-OL-A66K-01A,0.348886961224859
TCGA-OL-A6VQ-01A,-1.54597904983165
TCGA-PE-A5DC-01A,1.89300954784381
TCGA-PE-A5DE-01A,-0.310386887864498
TCGA-XX-A899-01A,1.74835380041263
TCGA-XX-A89A-01A,0.334487847457048
TCGA-Z7-A8R6-01A,-1.13870247456104
